channel_Title,video_id,Title,Thumbnail_url,Published_date,Views,Likes,Comment_count,video_url
MySirG.com,pN6-KMkuAx8,Why you should learn C Language before C++? | MySirG,https://i.ytimg.com/vi/pN6-KMkuAx8/mqdefault.jpg,2023-03-14,4409,311,108,https://www.youtube.com/embed/pN6-KMkuAx8
MySirG.com,UbHseW30enM,Best Language to learn Data Structures and Algorithm | MySirG,https://i.ytimg.com/vi/UbHseW30enM/mqdefault.jpg,2023-03-12,10965,606,142,https://www.youtube.com/embed/UbHseW30enM
MySirG.com,gY19Iqk-oGQ,New Year Resolution 2023 | 3 Tips | MySirG,https://i.ytimg.com/vi/gY19Iqk-oGQ/mqdefault.jpg,2023-01-03,12119,991,128,https://www.youtube.com/embed/gY19Iqk-oGQ
MySirG.com,4BHdFriGQ7M,This was my 2022 @mysirg,https://i.ytimg.com/vi/4BHdFriGQ7M/mqdefault.jpg,2022-12-31,8759,666,29,https://www.youtube.com/embed/4BHdFriGQ7M
MySirG.com,9YyR7uPhxgU,Don‚Äôt afraid of layoffs in IT sector,https://i.ytimg.com/vi/9YyR7uPhxgU/mqdefault.jpg,2022-12-23,12213,1007,29,https://www.youtube.com/embed/9YyR7uPhxgU
MySirG.com,5C-xAgq9NCE,Local vs Global Variables in Python | LIVE Community Classes | MySirG,https://i.ytimg.com/vi/5C-xAgq9NCE/mqdefault.jpg,2022-12-14,7014,255,51,https://www.youtube.com/embed/5C-xAgq9NCE
MySirG.com,ZQaEehFaKV4,Attributes of a Class in Python | LIVE Community Classes | MySirG,https://i.ytimg.com/vi/ZQaEehFaKV4/mqdefault.jpg,2022-12-07,4897,160,11,https://www.youtube.com/embed/ZQaEehFaKV4
MySirG.com,S90rkEJFV30,Classes and Objects in Python | LIVE Community Classes | MySirG,https://i.ytimg.com/vi/S90rkEJFV30/mqdefault.jpg,2022-11-30,6260,376,29,https://www.youtube.com/embed/S90rkEJFV30
MySirG.com,kGfi_42SGbI,LIVE Classes C++ and DSA by Saurabh Shukla Sir in Hindi | MySirG.com,https://i.ytimg.com/vi/kGfi_42SGbI/mqdefault.jpg,2022-11-27,11531,528,117,https://www.youtube.com/embed/kGfi_42SGbI
MySirG.com,5YOTUHT1hhw,Object Oriented Programming in Python | LIVE Community Classes | MySirG,https://i.ytimg.com/vi/5YOTUHT1hhw/mqdefault.jpg,2022-11-23,7197,267,15,https://www.youtube.com/embed/5YOTUHT1hhw
MySirG.com,KNDsfWKdq4Y,Full Stack Web Development | Python Core + Django | MySirG,https://i.ytimg.com/vi/KNDsfWKdq4Y/mqdefault.jpg,2022-11-17,10657,498,141,https://www.youtube.com/embed/KNDsfWKdq4Y
MySirG.com,PiSzeLrnvF4,Lambda in Python | LIVE Community Classes | MySirG,https://i.ytimg.com/vi/PiSzeLrnvF4/mqdefault.jpg,2022-11-16,4662,217,17,https://www.youtube.com/embed/PiSzeLrnvF4
MySirG.com,PGQ2WzCckt0,Recursion in Python | LIVE Community Classes | MySirG,https://i.ytimg.com/vi/PGQ2WzCckt0/mqdefault.jpg,2022-11-14,5018,204,25,https://www.youtube.com/embed/PGQ2WzCckt0
MySirG.com,WiEtk52DuRQ,Keyword Arguments in Python | LIVE Community Classes | MySirG,https://i.ytimg.com/vi/WiEtk52DuRQ/mqdefault.jpg,2022-11-10,4174,149,40,https://www.youtube.com/embed/WiEtk52DuRQ
MySirG.com,q4ygyJ3bBto,Functions in Python | LIVE Community Classes | MySirG,https://i.ytimg.com/vi/q4ygyJ3bBto/mqdefault.jpg,2022-11-07,5727,218,18,https://www.youtube.com/embed/q4ygyJ3bBto
MySirG.com,3hVcdR0jyKI,Java for Beginners | Admissions Open for LIVE Classes Batch | MySirG,https://i.ytimg.com/vi/3hVcdR0jyKI/mqdefault.jpg,2022-11-01,7618,340,88,https://www.youtube.com/embed/3hVcdR0jyKI
MySirG.com,s4WUc8zfIxs,dict in Python | LIVE Community Classes | MySirG,https://i.ytimg.com/vi/s4WUc8zfIxs/mqdefault.jpg,2022-10-31,5002,195,9,https://www.youtube.com/embed/s4WUc8zfIxs
MySirG.com,6xxZX9GiDiE,set in Python | LIVE Community Classes | MySirG,https://i.ytimg.com/vi/6xxZX9GiDiE/mqdefault.jpg,2022-10-28,5751,249,18,https://www.youtube.com/embed/6xxZX9GiDiE
MySirG.com,IVSf6KKFmuA,tuple in Python | LIVE Community Classes | MySirG,https://i.ytimg.com/vi/IVSf6KKFmuA/mqdefault.jpg,2022-10-27,5212,213,13,https://www.youtube.com/embed/IVSf6KKFmuA
MySirG.com,mrR5G26OQ7M,Slicing Operator in Python | LIVE Community Classes | MySirG,https://i.ytimg.com/vi/mrR5G26OQ7M/mqdefault.jpg,2022-10-26,4477,198,12,https://www.youtube.com/embed/mrR5G26OQ7M
MySirG.com,P-T2o9y5PEQ,str methods in Python | LIVE Community Classes | MySirG,https://i.ytimg.com/vi/P-T2o9y5PEQ/mqdefault.jpg,2022-10-25,6022,216,19,https://www.youtube.com/embed/P-T2o9y5PEQ
MySirG.com,z4E8XH8I8TY,New batch at @saurabhexponent1,https://i.ytimg.com/vi/z4E8XH8I8TY/mqdefault.jpg,2022-10-21,13861,1238,73,https://www.youtube.com/embed/z4E8XH8I8TY
MySirG.com,DjxXvE4mf6k,DSA through C++ by Saurabh Shukla Sir | LIVE Classes,https://i.ytimg.com/vi/DjxXvE4mf6k/mqdefault.jpg,2022-10-19,10347,503,210,https://www.youtube.com/embed/DjxXvE4mf6k
MySirG.com,gNCvTa0vpiQ,str in Python | LIVE Community Classes | MySirG,https://i.ytimg.com/vi/gNCvTa0vpiQ/mqdefault.jpg,2022-10-18,7803,297,39,https://www.youtube.com/embed/gNCvTa0vpiQ
MySirG.com,ov-22_LbXds,List Comprehension in Python | | LIVE Community Classes | MySirG,https://i.ytimg.com/vi/ov-22_LbXds/mqdefault.jpg,2022-10-17,8053,303,33,https://www.youtube.com/embed/ov-22_LbXds
MySirG.com,GF41-dMufjk,More on list in Python | LIVE Community Classes | MySirG,https://i.ytimg.com/vi/GF41-dMufjk/mqdefault.jpg,2022-10-13,9864,396,35,https://www.youtube.com/embed/GF41-dMufjk
MySirG.com,YxVJslFSuZA,list in Python | LIVE Community Classes | MySirG,https://i.ytimg.com/vi/YxVJslFSuZA/mqdefault.jpg,2022-10-12,10509,481,28,https://www.youtube.com/embed/YxVJslFSuZA
MySirG.com,7BDZ7WJ_e58,Range in Python | LIVE Community Classes | MySirG,https://i.ytimg.com/vi/7BDZ7WJ_e58/mqdefault.jpg,2022-10-11,9821,384,48,https://www.youtube.com/embed/7BDZ7WJ_e58
MySirG.com,bQ34R6YjdgU,"C, C++ & DSA in Depth in Hindi by Saurabh Shukla | MySirG",https://i.ytimg.com/vi/bQ34R6YjdgU/mqdefault.jpg,2022-10-10,18007,1005,441,https://www.youtube.com/embed/bQ34R6YjdgU
MySirG.com,gZGj-4Sc4hQ,Loop Based Problems | LIVE Community Classes | MySirG,https://i.ytimg.com/vi/gZGj-4Sc4hQ/mqdefault.jpg,2022-10-10,10302,508,57,https://www.youtube.com/embed/gZGj-4Sc4hQ
MySirG.com,v_yPPAfUOEI,Is DSA required in web development?,https://i.ytimg.com/vi/v_yPPAfUOEI/mqdefault.jpg,2022-10-07,28497,2549,29,https://www.youtube.com/embed/v_yPPAfUOEI
MySirG.com,sIDizPFGsxo,Linked List Explained |  Community Classes | LIVE | MySirG,https://i.ytimg.com/vi/sIDizPFGsxo/mqdefault.jpg,2022-10-04,17962,653,89,https://www.youtube.com/embed/sIDizPFGsxo
MySirG.com,k1dRY3tnt9Y,DMA in C Language | Community Classes | LIVE | MySirG,https://i.ytimg.com/vi/k1dRY3tnt9Y/mqdefault.jpg,2022-10-03,10110,447,46,https://www.youtube.com/embed/k1dRY3tnt9Y
MySirG.com,NUZqGDbsfvA,MySirG Course link https://bit.ly/3Ko1Jek,https://i.ytimg.com/vi/NUZqGDbsfvA/mqdefault.jpg,2022-10-02,8331,372,18,https://www.youtube.com/embed/NUZqGDbsfvA
MySirG.com,z2ltgevde94,Structure Array and Pointer in C Language | Community Classes | LIVE | MySirG,https://i.ytimg.com/vi/z2ltgevde94/mqdefault.jpg,2022-09-30,12070,459,65,https://www.youtube.com/embed/z2ltgevde94
MySirG.com,8_ACDqOuwdE,User Input in Structure in C Language | Community Classes | LIVE | MySirG,https://i.ytimg.com/vi/8_ACDqOuwdE/mqdefault.jpg,2022-09-29,9902,465,35,https://www.youtube.com/embed/8_ACDqOuwdE
MySirG.com,JWOF4Vt7GxM,Structure Variables in C Language | Community Classes | LIVE | MySirG,https://i.ytimg.com/vi/JWOF4Vt7GxM/mqdefault.jpg,2022-09-28,10673,617,56,https://www.youtube.com/embed/JWOF4Vt7GxM
MySirG.com,F8ZI0gZ-Fzc,Structure Introduction in C Language | Community Classes | LIVE | MySirG,https://i.ytimg.com/vi/F8ZI0gZ-Fzc/mqdefault.jpg,2022-09-27,15933,711,71,https://www.youtube.com/embed/F8ZI0gZ-Fzc
MySirG.com,OUFOCyW7HqU,C language LIVE community classes from tomorrow @saurabhexponent1,https://i.ytimg.com/vi/OUFOCyW7HqU/mqdefault.jpg,2022-09-26,13102,1393,33,https://www.youtube.com/embed/OUFOCyW7HqU
MySirG.com,vyGvdtLm1d4,Why DSA seems difficult?,https://i.ytimg.com/vi/vyGvdtLm1d4/mqdefault.jpg,2022-09-23,17710,2286,49,https://www.youtube.com/embed/vyGvdtLm1d4
MySirG.com,P_H4ccgi73c,C Language LIVE Community Classes Stage-3 Announcement,https://i.ytimg.com/vi/P_H4ccgi73c/mqdefault.jpg,2022-09-22,8741,597,100,https://www.youtube.com/embed/P_H4ccgi73c
MySirG.com,DjxFTs4ZuU8,Meet My Teacher | Teacher's Day Special | @UCd-HN6ZBWIFJdG6KSLATd6g,https://i.ytimg.com/vi/DjxFTs4ZuU8/mqdefault.jpg,2022-09-05,11507,602,43,https://www.youtube.com/embed/DjxFTs4ZuU8
MySirG.com,mLvdnHKY220,Tum kaun ho?,https://i.ytimg.com/vi/mLvdnHKY220/mqdefault.jpg,2022-08-27,16075,1141,50,https://www.youtube.com/embed/mLvdnHKY220
MySirG.com,5mbQuIr6f8o,Number Shifting Game Project in C,https://i.ytimg.com/vi/5mbQuIr6f8o/mqdefault.jpg,2022-08-21,17975,727,46,https://www.youtube.com/embed/5mbQuIr6f8o
MySirG.com,KFZ3Eftp8lo,Loops in Python | LIVE Community Classes | MySirG,https://i.ytimg.com/vi/KFZ3Eftp8lo/mqdefault.jpg,2022-08-12,22129,771,45,https://www.youtube.com/embed/KFZ3Eftp8lo
MySirG.com,qgNnf1GMLxc,Yeh channel dekha kya?,https://i.ytimg.com/vi/qgNnf1GMLxc/mqdefault.jpg,2022-08-12,9062,658,44,https://www.youtube.com/embed/qgNnf1GMLxc
MySirG.com,-Po6d6Zm3cE,Decision Control in Python | LIVE Community Classes | MySirG,https://i.ytimg.com/vi/-Po6d6Zm3cE/mqdefault.jpg,2022-08-11,18929,665,25,https://www.youtube.com/embed/-Po6d6Zm3cE
MySirG.com,2D7uw4ghr88,"Keywords, Operators and User input in Python | LIVE Community Classes | MySirG",https://i.ytimg.com/vi/2D7uw4ghr88/mqdefault.jpg,2022-08-10,24794,912,30,https://www.youtube.com/embed/2D7uw4ghr88
MySirG.com,ppKaxLop79c,Variables and Types in Python | LIVE Community Classes | MySirG,https://i.ytimg.com/vi/ppKaxLop79c/mqdefault.jpg,2022-08-09,32357,1319,56,https://www.youtube.com/embed/ppKaxLop79c
MySirG.com,MpEldU7Z_Wc,Introduction to Python | LIVE Community Classes | MySirG,https://i.ytimg.com/vi/MpEldU7Z_Wc/mqdefault.jpg,2022-08-08,67838,2482,140,https://www.youtube.com/embed/MpEldU7Z_Wc
Hitesh Choudhary,Hb5rh9vXNyY,Social Media Revolution Launch,https://i.ytimg.com/vi/Hb5rh9vXNyY/mqdefault.jpg,2023-04-01,4277,475,157,https://www.youtube.com/embed/Hb5rh9vXNyY
Hitesh Choudhary,ItKjzteWXFg,#harpaymentdigital is a great initiative by RBI. It‚Äôs a milestone by India,https://i.ytimg.com/vi/ItKjzteWXFg/mqdefault.jpg,2023-03-24,4838,515,14,https://www.youtube.com/embed/ItKjzteWXFg
Hitesh Choudhary,5Qlep9sKuX4,Project 6 | What next to build in React Native,https://i.ytimg.com/vi/5Qlep9sKuX4/mqdefault.jpg,2023-03-23,3414,84,9,https://www.youtube.com/embed/5Qlep9sKuX4
Hitesh Choudhary,-4jSSxoGOSs,"Here is an security first, open source password manager. #passbolt",https://i.ytimg.com/vi/-4jSSxoGOSs/mqdefault.jpg,2023-03-22,5874,250,6,https://www.youtube.com/embed/-4jSSxoGOSs
Hitesh Choudhary,bIJASPiSKS4,Handling errors in Haptic Feedback in React Native,https://i.ytimg.com/vi/bIJASPiSKS4/mqdefault.jpg,2023-03-20,1415,58,6,https://www.youtube.com/embed/bIJASPiSKS4
Hitesh Choudhary,NM2-naJ2zDU,Rolling the dice in React Native,https://i.ytimg.com/vi/NM2-naJ2zDU/mqdefault.jpg,2023-03-19,1738,52,9,https://www.youtube.com/embed/NM2-naJ2zDU
Hitesh Choudhary,pYCLIsOo228,DevUI Launch | Our open Source component library,https://i.ytimg.com/vi/pYCLIsOo228/mqdefault.jpg,2023-03-19,8251,798,145,https://www.youtube.com/embed/pYCLIsOo228
Hitesh Choudhary,zI69kpGoFRI,How to handle Images in React Native,https://i.ytimg.com/vi/zI69kpGoFRI/mqdefault.jpg,2023-03-18,1391,50,17,https://www.youtube.com/embed/zI69kpGoFRI
Hitesh Choudhary,j0mJLvHvTjc,CP is killing Cpp,https://i.ytimg.com/vi/j0mJLvHvTjc/mqdefault.jpg,2023-03-18,24933,1453,153,https://www.youtube.com/embed/j0mJLvHvTjc
Hitesh Choudhary,M5PWvT3Rt94,My issue with new React docs,https://i.ytimg.com/vi/M5PWvT3Rt94/mqdefault.jpg,2023-03-17,14778,721,89,https://www.youtube.com/embed/M5PWvT3Rt94
Hitesh Choudhary,vMy3lP1GBFc,Can you learn to code on Mobile ?,https://i.ytimg.com/vi/vMy3lP1GBFc/mqdefault.jpg,2023-03-16,2376,163,18,https://www.youtube.com/embed/vMy3lP1GBFc
Hitesh Choudhary,9ZkiY373CHk,React Native Project 5 | Haptic feedback and Images,https://i.ytimg.com/vi/9ZkiY373CHk/mqdefault.jpg,2023-03-15,1790,74,7,https://www.youtube.com/embed/9ZkiY373CHk
Hitesh Choudhary,9X6klH4qL_Y,An Attempt to restart Live,https://i.ytimg.com/vi/9X6klH4qL_Y/mqdefault.jpg,2023-03-09,5511,417,14,https://www.youtube.com/embed/9X6klH4qL_Y
Hitesh Choudhary,pgYe_Fa4FEE,Rajasthan IT day hackathon is here,https://i.ytimg.com/vi/pgYe_Fa4FEE/mqdefault.jpg,2023-03-09,5490,329,10,https://www.youtube.com/embed/pgYe_Fa4FEE
Hitesh Choudhary,mJomfTfOJUQ,Let's build a react native app with debugging in 1 shot | Project 4,https://i.ytimg.com/vi/mJomfTfOJUQ/mqdefault.jpg,2023-03-08,11647,139,8,https://www.youtube.com/embed/mJomfTfOJUQ
Hitesh Choudhary,BayDYRigP5I,Debugging React Native Apps,https://i.ytimg.com/vi/BayDYRigP5I/mqdefault.jpg,2023-03-07,13536,120,14,https://www.youtube.com/embed/BayDYRigP5I
Hitesh Choudhary,molTIg-zvGI,Formik React Native Crash Course,https://i.ytimg.com/vi/molTIg-zvGI/mqdefault.jpg,2023-03-06,9531,156,16,https://www.youtube.com/embed/molTIg-zvGI
Hitesh Choudhary,Ffia32q_umY,How to reset state in React Native,https://i.ytimg.com/vi/Ffia32q_umY/mqdefault.jpg,2023-03-05,9360,84,9,https://www.youtube.com/embed/Ffia32q_umY
Hitesh Choudhary,dGkA5u7f1YM,Logic to generate password React Native,https://i.ytimg.com/vi/dGkA5u7f1YM/mqdefault.jpg,2023-02-28,10876,131,24,https://www.youtube.com/embed/dGkA5u7f1YM
Hitesh Choudhary,QePLi5ltPI8,Got a gift üéÅ #youtube,https://i.ytimg.com/vi/QePLi5ltPI8/mqdefault.jpg,2023-02-28,7192,345,5,https://www.youtube.com/embed/QePLi5ltPI8
Hitesh Choudhary,ORSHG3dfUrk,UseState in React Native,https://i.ytimg.com/vi/ORSHG3dfUrk/mqdefault.jpg,2023-02-25,10822,189,14,https://www.youtube.com/embed/ORSHG3dfUrk
Hitesh Choudhary,86EO42D6s7E,Yup schema validation in react native,https://i.ytimg.com/vi/86EO42D6s7E/mqdefault.jpg,2023-02-22,9268,150,16,https://www.youtube.com/embed/86EO42D6s7E
Hitesh Choudhary,inriP3Vj2wo,Project 3 | Password Generator in react Native,https://i.ytimg.com/vi/inriP3Vj2wo/mqdefault.jpg,2023-02-21,8216,223,19,https://www.youtube.com/embed/inriP3Vj2wo
Hitesh Choudhary,rtvC2mzr6ms,ChatGPT is a serious evolution of tech,https://i.ytimg.com/vi/rtvC2mzr6ms/mqdefault.jpg,2023-02-20,34716,1610,109,https://www.youtube.com/embed/rtvC2mzr6ms
Hitesh Choudhary,VxLl6XmS__E,WhatsApp chat style design in React Native,https://i.ytimg.com/vi/VxLl6XmS__E/mqdefault.jpg,2023-02-17,9646,213,10,https://www.youtube.com/embed/VxLl6XmS__E
Hitesh Choudhary,6B0oJK9gPkI,Coding is not for everyone!,https://i.ytimg.com/vi/6B0oJK9gPkI/mqdefault.jpg,2023-02-17,17254,1368,14,https://www.youtube.com/embed/6B0oJK9gPkI
Hitesh Choudhary,UJLphDsGzCQ,Iteration UI in react native,https://i.ytimg.com/vi/UJLphDsGzCQ/mqdefault.jpg,2023-02-16,7561,168,13,https://www.youtube.com/embed/UJLphDsGzCQ
Hitesh Choudhary,QpTPQmBsOyI,Making beautiful buttons in react native,https://i.ytimg.com/vi/QpTPQmBsOyI/mqdefault.jpg,2023-02-16,6978,130,8,https://www.youtube.com/embed/QpTPQmBsOyI
Hitesh Choudhary,eL5qYJ7y68k,DeepLinking and Touchable Opacity in React Native,https://i.ytimg.com/vi/eL5qYJ7y68k/mqdefault.jpg,2023-02-15,7511,155,13,https://www.youtube.com/embed/eL5qYJ7y68k
Hitesh Choudhary,RpBOw56rp1I,Styling Cards in React Native,https://i.ytimg.com/vi/RpBOw56rp1I/mqdefault.jpg,2023-02-14,8173,146,13,https://www.youtube.com/embed/RpBOw56rp1I
Hitesh Choudhary,txSxteRjpYw,Images in React Native,https://i.ytimg.com/vi/txSxteRjpYw/mqdefault.jpg,2023-02-14,10148,212,12,https://www.youtube.com/embed/txSxteRjpYw
Hitesh Choudhary,cdP210MwnLw,All about horizontal scroll in React Native,https://i.ytimg.com/vi/cdP210MwnLw/mqdefault.jpg,2023-02-13,9775,232,15,https://www.youtube.com/embed/cdP210MwnLw
Hitesh Choudhary,MJ7P1JUyuFA,All about Flexbox in React Native,https://i.ytimg.com/vi/MJ7P1JUyuFA/mqdefault.jpg,2023-02-12,8460,259,44,https://www.youtube.com/embed/MJ7P1JUyuFA
Hitesh Choudhary,hg_cpUnBkBc,Multi file components in React Native,https://i.ytimg.com/vi/hg_cpUnBkBc/mqdefault.jpg,2023-02-12,7012,169,21,https://www.youtube.com/embed/hg_cpUnBkBc
Hitesh Choudhary,pbvC119ZRDw,React Native Project 2,https://i.ytimg.com/vi/pbvC119ZRDw/mqdefault.jpg,2023-02-11,7818,252,24,https://www.youtube.com/embed/pbvC119ZRDw
Hitesh Choudhary,XfREwe2sUGs,Summary of Project 1 and open source contribution | React Native,https://i.ytimg.com/vi/XfREwe2sUGs/mqdefault.jpg,2023-02-11,8146,215,14,https://www.youtube.com/embed/XfREwe2sUGs
Hitesh Choudhary,6BlFPa_MGNg,Hook for Dark and light mode in React Native,https://i.ytimg.com/vi/6BlFPa_MGNg/mqdefault.jpg,2023-02-10,19260,287,29,https://www.youtube.com/embed/6BlFPa_MGNg
Hitesh Choudhary,9yhlhKX7ZYM,Introducing Stylesheet in React Native,https://i.ytimg.com/vi/9yhlhKX7ZYM/mqdefault.jpg,2023-02-01,19343,346,52,https://www.youtube.com/embed/9yhlhKX7ZYM
Hitesh Choudhary,CZrJpEn6b4I,Rewrite React Native App,https://i.ytimg.com/vi/CZrJpEn6b4I/mqdefault.jpg,2023-01-31,14566,392,49,https://www.youtube.com/embed/CZrJpEn6b4I
Hitesh Choudhary,PjmAVh4Syvk,React Native file structure,https://i.ytimg.com/vi/PjmAVh4Syvk/mqdefault.jpg,2023-01-31,16187,430,71,https://www.youtube.com/embed/PjmAVh4Syvk
Hitesh Choudhary,TXWYrnl6dZI,How to start your first React Native app and debugging,https://i.ytimg.com/vi/TXWYrnl6dZI/mqdefault.jpg,2023-01-28,21776,691,130,https://www.youtube.com/embed/TXWYrnl6dZI
Hitesh Choudhary,XV5LwKuk3zc,Prerequisite and installation of React Native,https://i.ytimg.com/vi/XV5LwKuk3zc/mqdefault.jpg,2023-01-27,30217,994,90,https://www.youtube.com/embed/XV5LwKuk3zc
Hitesh Choudhary,kGtEax1WQFg,Welcome to course on React Native | build 10 apps,https://i.ytimg.com/vi/kGtEax1WQFg/mqdefault.jpg,2023-01-26,27395,2165,183,https://www.youtube.com/embed/kGtEax1WQFg
Hitesh Choudhary,G3xVExRWzVM,Tech Layoffs are tough and will not stop soon,https://i.ytimg.com/vi/G3xVExRWzVM/mqdefault.jpg,2023-01-21,108985,4354,259,https://www.youtube.com/embed/G3xVExRWzVM
Hitesh Choudhary,0JCN7LwmA9k,Full stack App with NextJs and Appwrite,https://i.ytimg.com/vi/0JCN7LwmA9k/mqdefault.jpg,2023-01-20,22955,548,152,https://www.youtube.com/embed/0JCN7LwmA9k
Hitesh Choudhary,sOb6-Pi8H6c,Are you going to let your APIs get hacked ?,https://i.ytimg.com/vi/sOb6-Pi8H6c/mqdefault.jpg,2023-01-18,21590,426,22,https://www.youtube.com/embed/sOb6-Pi8H6c
Hitesh Choudhary,E7WIis2NjZU,Higher Order Function | javascript interview series,https://i.ytimg.com/vi/E7WIis2NjZU/mqdefault.jpg,2023-01-18,7610,364,35,https://www.youtube.com/embed/E7WIis2NjZU
Hitesh Choudhary,auybx8hJW9c,Apple dropped 2 new devices,https://i.ytimg.com/vi/auybx8hJW9c/mqdefault.jpg,2023-01-17,10532,493,39,https://www.youtube.com/embed/auybx8hJW9c
Hitesh Choudhary,nm6-UKUzi-U,"Dear @YouTube , please bring this feature for creators #youtube",https://i.ytimg.com/vi/nm6-UKUzi-U/mqdefault.jpg,2023-01-17,9735,802,23,https://www.youtube.com/embed/nm6-UKUzi-U
Hitesh Choudhary,5AwlE8um9dc,Tailwind css is just crap,https://i.ytimg.com/vi/5AwlE8um9dc/mqdefault.jpg,2023-01-17,21315,834,120,https://www.youtube.com/embed/5AwlE8um9dc
Krish Naik,SkzmbeYCtiU,Tutorial 10- Deployment Of ML Application In Azure Cloud Using Github Actions,https://i.ytimg.com/vi/SkzmbeYCtiU/mqdefault.jpg,2023-03-31,2286,113,11,https://www.youtube.com/embed/SkzmbeYCtiU
Krish Naik,8vmKtS8W7IQ,Complete Dockers For Data Science Tutorial In One Shot,https://i.ytimg.com/vi/8vmKtS8W7IQ/mqdefault.jpg,2023-03-29,10988,461,33,https://www.youtube.com/embed/8vmKtS8W7IQ
Krish Naik,1m3CPP-93RI,End To End Data Science Project Implementation In One Shot- Part 1,https://i.ytimg.com/vi/1m3CPP-93RI/mqdefault.jpg,2023-03-26,15989,696,49,https://www.youtube.com/embed/1m3CPP-93RI
Krish Naik,6I2m7VtGLU4,Judging India's Largest Hackathon @physicswallah,https://i.ytimg.com/vi/6I2m7VtGLU4/mqdefault.jpg,2023-03-20,6329,224,15,https://www.youtube.com/embed/6I2m7VtGLU4
Krish Naik,gbJn2Ls2QsI,Tutorial 9-End To End ML Project-Deployment In AWS Cloud Using CICD Pipelines,https://i.ytimg.com/vi/gbJn2Ls2QsI/mqdefault.jpg,2023-03-18,12602,325,67,https://www.youtube.com/embed/gbJn2Ls2QsI
Krish Naik,d6Jw5hGb65Y,Tutorial 8-End To End ML Project-Create Prediction Pipeline Using Flask Web APP,https://i.ytimg.com/vi/d6Jw5hGb65Y/mqdefault.jpg,2023-03-16,7931,248,34,https://www.youtube.com/embed/d6Jw5hGb65Y
Krish Naik,oMZA8v4JECY,Tutorial 7-End To End ML Project-Model Hyperparameter Tuning,https://i.ytimg.com/vi/oMZA8v4JECY/mqdefault.jpg,2023-03-14,6092,184,30,https://www.youtube.com/embed/oMZA8v4JECY
Krish Naik,EAWR1kFtEGo,Tutorial 6-End To End ML Project-Model Training And Model Evaluating Component,https://i.ytimg.com/vi/EAWR1kFtEGo/mqdefault.jpg,2023-03-13,6656,280,35,https://www.youtube.com/embed/EAWR1kFtEGo
Krish Naik,Zs2BZkgoivM,Tutorial 5-End To End ML Project-Data Transformation Implementation Using Pipelines,https://i.ytimg.com/vi/Zs2BZkgoivM/mqdefault.jpg,2023-03-11,9342,267,51,https://www.youtube.com/embed/Zs2BZkgoivM
Krish Naik,_0v1UK7smBc,Tutorial 4-End To End ML Project With Deployment- Data Ingestion Implementation Line By Line,https://i.ytimg.com/vi/_0v1UK7smBc/mqdefault.jpg,2023-03-10,9756,299,63,https://www.youtube.com/embed/_0v1UK7smBc
Krish Naik,gqqGdu1P2FM,"Tutorial 3-End To End ML Project With Deployment-Project Problem Statement,EDA And Model Training",https://i.ytimg.com/vi/gqqGdu1P2FM/mqdefault.jpg,2023-03-09,16724,654,94,https://www.youtube.com/embed/gqqGdu1P2FM
Krish Naik,sDWL30CzJT8,"Tutorial 2- End To End ML Project With Deployment-Project Structure, Logging And Exception Handling",https://i.ytimg.com/vi/sDWL30CzJT8/mqdefault.jpg,2023-03-07,23151,709,56,https://www.youtube.com/embed/sDWL30CzJT8
Krish Naik,dFtH8vP3WHU,Inviting You To RAJASTHAN IT Online And Offline HACKATHON Powered By  @PhysicsWallah,https://i.ytimg.com/vi/dFtH8vP3WHU/mqdefault.jpg,2023-03-06,6832,183,46,https://www.youtube.com/embed/dFtH8vP3WHU
Krish Naik,Rv6UFGNmNZg,Tutorial 1- End To End ML Project With Deployment-Github And Code Set Up,https://i.ytimg.com/vi/Rv6UFGNmNZg/mqdefault.jpg,2023-03-05,145373,1958,163,https://www.youtube.com/embed/Rv6UFGNmNZg
Krish Naik,S_F_c9e2bz4,Now you Can Crack Any ML Interviews- Announcing 7 Days End To End ML Project With Deployment,https://i.ytimg.com/vi/S_F_c9e2bz4/mqdefault.jpg,2023-03-04,318536,2104,119,https://www.youtube.com/embed/S_F_c9e2bz4
Krish Naik,5eqv8AKvBgM,How ChatGPT Can Be Wrong About Me?,https://i.ytimg.com/vi/5eqv8AKvBgM/mqdefault.jpg,2023-02-27,7519,190,35,https://www.youtube.com/embed/5eqv8AKvBgM
Krish Naik,uPYL7HjC8FE,When Your Kid Doesnt Want You To Work-Just For Fun with @krishivnaikvlogs8998,https://i.ytimg.com/vi/uPYL7HjC8FE/mqdefault.jpg,2023-02-24,27213,820,80,https://www.youtube.com/embed/uPYL7HjC8FE
Krish Naik,Y51SPh3Bj7Y,Changes Is Inevitable And You Need To Change With Time,https://i.ytimg.com/vi/Y51SPh3Bj7Y/mqdefault.jpg,2023-02-24,11587,518,41,https://www.youtube.com/embed/Y51SPh3Bj7Y
Krish Naik,6Z8SdN52GuU,"Watch This Video To Crack Any Stats Interview For Data Scientist- Understanding PDF,PMF and CDF",https://i.ytimg.com/vi/6Z8SdN52GuU/mqdefault.jpg,2023-02-23,16520,713,24,https://www.youtube.com/embed/6Z8SdN52GuU
Krish Naik,sqDBEyfRPo8,What Is Derivatives In  Calculus In Layman Terms?,https://i.ytimg.com/vi/sqDBEyfRPo8/mqdefault.jpg,2023-02-21,3155,145,10,https://www.youtube.com/embed/sqDBEyfRPo8
Krish Naik,y2jLcXlgCXk,How Prakhar Cracked Multiple Job Offers In Data Science,https://i.ytimg.com/vi/y2jLcXlgCXk/mqdefault.jpg,2023-02-20,8147,238,27,https://www.youtube.com/embed/y2jLcXlgCXk
Krish Naik,Tyf1XrbDNrs,How Jaiyesh Cracked Data Science Job In Siemens From Petroleum Engineering @iNeuroniNtelligence,https://i.ytimg.com/vi/Tyf1XrbDNrs/mqdefault.jpg,2023-02-16,5642,140,17,https://www.youtube.com/embed/Tyf1XrbDNrs
Krish Naik,0m2r9elReBY,Will Chatgpt Kill Your Creativity?,https://i.ytimg.com/vi/0m2r9elReBY/mqdefault.jpg,2023-02-15,5537,202,60,https://www.youtube.com/embed/0m2r9elReBY
Krish Naik,bO5NzPWakPs,Successful Data Science Career Transition Of Shiva To Cisco With High Package @iNeuroniNtelligence,https://i.ytimg.com/vi/bO5NzPWakPs/mqdefault.jpg,2023-02-14,5546,152,24,https://www.youtube.com/embed/bO5NzPWakPs
Krish Naik,0vnaw8soiO4,How Raghav Got 6 Offers In Data Science Coming From Non Technical Domain @iNeuroniNtelligence,https://i.ytimg.com/vi/0vnaw8soiO4/mqdefault.jpg,2023-02-13,15771,523,33,https://www.youtube.com/embed/0vnaw8soiO4
Krish Naik,AcAmDZcmVMM,"Sucessful Transition Story From Mechanical Eng ,UPSC Aspirant To Data Analyst Apprentice At Google",https://i.ytimg.com/vi/AcAmDZcmVMM/mqdefault.jpg,2023-02-12,6809,198,12,https://www.youtube.com/embed/AcAmDZcmVMM
Krish Naik,MQDqGpmB_kQ,Can We Earn More From FreeLancing Than Full time Jobs? Steps To Start Your Free Lancing Career,https://i.ytimg.com/vi/MQDqGpmB_kQ/mqdefault.jpg,2023-02-09,10228,325,24,https://www.youtube.com/embed/MQDqGpmB_kQ
Krish Naik,ePWQwNWwWfQ,Google Chatbot Alternative To ChatGPT- Who Will Win?,https://i.ytimg.com/vi/ePWQwNWwWfQ/mqdefault.jpg,2023-02-06,16306,385,28,https://www.youtube.com/embed/ePWQwNWwWfQ
Krish Naik,FK5_Vc0Hrqg,Machine Learning Playlist For Interviews #shorts,https://i.ytimg.com/vi/FK5_Vc0Hrqg/mqdefault.jpg,2023-02-05,9736,682,14,https://www.youtube.com/embed/FK5_Vc0Hrqg
Krish Naik,qgf4_5ximzI,How To Build Ideas For Real World Data Science Projects For Interviews,https://i.ytimg.com/vi/qgf4_5ximzI/mqdefault.jpg,2023-02-04,10870,471,32,https://www.youtube.com/embed/qgf4_5ximzI
Krish Naik,SS6c7XSun5M,You Know Your Strength And You Are Unique #shorts,https://i.ytimg.com/vi/SS6c7XSun5M/mqdefault.jpg,2023-02-03,5601,477,9,https://www.youtube.com/embed/SS6c7XSun5M
Krish Naik,iNY6YReOhfE,Patience And Practise Is The Key to Learn Anything,https://i.ytimg.com/vi/iNY6YReOhfE/mqdefault.jpg,2023-02-01,11541,936,12,https://www.youtube.com/embed/iNY6YReOhfE
Krish Naik,Nr762W7txzc,Will ChatGPT Take Our Jobs? #shorts,https://i.ytimg.com/vi/Nr762W7txzc/mqdefault.jpg,2023-01-31,12316,646,11,https://www.youtube.com/embed/Nr762W7txzc
Krish Naik,HbLA-8vvc_U,Reality Of Data Science Work- What We Learn Vs What We Work In Industries,https://i.ytimg.com/vi/HbLA-8vvc_U/mqdefault.jpg,2023-01-31,28739,1185,60,https://www.youtube.com/embed/HbLA-8vvc_U
Krish Naik,cyvkMFZnheo,AvgWord2vec Indepth Intuition And Practical Implementation,https://i.ytimg.com/vi/cyvkMFZnheo/mqdefault.jpg,2023-01-29,3839,92,10,https://www.youtube.com/embed/cyvkMFZnheo
Krish Naik,RIh1Mo7T5UE,Exponential Learning #shorts,https://i.ytimg.com/vi/RIh1Mo7T5UE/mqdefault.jpg,2023-01-28,10538,777,10,https://www.youtube.com/embed/RIh1Mo7T5UE
Krish Naik,SgNV_x7yJ-Q,Lets Talk And Chat!! Live Q&A,https://i.ytimg.com/vi/SgNV_x7yJ-Q/mqdefault.jpg,2023-01-27,6230,403,30,https://www.youtube.com/embed/SgNV_x7yJ-Q
Krish Naik,8nMWP2IiIzg,Why Big Tech Companies Are Facing Massive Layoffs?,https://i.ytimg.com/vi/8nMWP2IiIzg/mqdefault.jpg,2023-01-26,34149,758,72,https://www.youtube.com/embed/8nMWP2IiIzg
Krish Naik,Q95SIG4g7SA,"Word Embeddings, Word2Vec And CBOW Indepth Intuition And Working- Part 1 | NLP For Machine Learning",https://i.ytimg.com/vi/Q95SIG4g7SA/mqdefault.jpg,2023-01-25,6182,155,20,https://www.youtube.com/embed/Q95SIG4g7SA
Krish Naik,ZX79iA7CILE,Demo Of AI Powered Nvidia Broadcast Eye Contact,https://i.ytimg.com/vi/ZX79iA7CILE/mqdefault.jpg,2023-01-24,9372,200,18,https://www.youtube.com/embed/ZX79iA7CILE
Krish Naik,I5UFW1ob_U4,My Thoughts On Recent Layoffs And Recession,https://i.ytimg.com/vi/I5UFW1ob_U4/mqdefault.jpg,2023-01-22,56142,1341,131,https://www.youtube.com/embed/I5UFW1ob_U4
Krish Naik,XEzDhOQbvEE,Live From DUBAI,https://i.ytimg.com/vi/XEzDhOQbvEE/mqdefault.jpg,2023-01-20,10312,302,35,https://www.youtube.com/embed/XEzDhOQbvEE
Krish Naik,K7BpO0xUvYY,These Robots Are Really Smart|Museum Of the Future|Dubai #shorts,https://i.ytimg.com/vi/K7BpO0xUvYY/mqdefault.jpg,2023-01-18,11981,570,10,https://www.youtube.com/embed/K7BpO0xUvYY
Krish Naik,H99JRtDDnvk,PCA Indepth Geometric And Mathematical InDepth Intuition ML Algorithms,https://i.ytimg.com/vi/H99JRtDDnvk/mqdefault.jpg,2023-01-18,14114,421,31,https://www.youtube.com/embed/H99JRtDDnvk
Krish Naik,cTkPug1q8Pk,I Used Chatgpt To Create My Own Private Web Browser,https://i.ytimg.com/vi/cTkPug1q8Pk/mqdefault.jpg,2023-01-16,19797,483,41,https://www.youtube.com/embed/cTkPug1q8Pk
Krish Naik,G7W1LzhbfGE,Data Collection Stratergy For Machine Learning Projects With API's- RapidAPI,https://i.ytimg.com/vi/G7W1LzhbfGE/mqdefault.jpg,2023-01-15,12359,473,22,https://www.youtube.com/embed/G7W1LzhbfGE
Krish Naik,dcGwuETxhrk,Why To Choose Data Science As A Career In 2023?,https://i.ytimg.com/vi/dcGwuETxhrk/mqdefault.jpg,2023-01-13,23271,901,87,https://www.youtube.com/embed/dcGwuETxhrk
Krish Naik,iQes2Q-ml2c,Just Change Your Approach,https://i.ytimg.com/vi/iQes2Q-ml2c/mqdefault.jpg,2023-01-12,15213,1080,12,https://www.youtube.com/embed/iQes2Q-ml2c
Krish Naik,xSCeY4dg17Y,The Ultimate 2023 Data Analyst Roadmap: From Zero to Hero|Krish Naik,https://i.ytimg.com/vi/xSCeY4dg17Y/mqdefault.jpg,2023-01-11,57320,2002,88,https://www.youtube.com/embed/xSCeY4dg17Y
Krish Naik,5tjk-wecXLc,Top 6 CI/CD Tools for MLOPS Engineers,https://i.ytimg.com/vi/5tjk-wecXLc/mqdefault.jpg,2023-01-09,6324,220,19,https://www.youtube.com/embed/5tjk-wecXLc
Telusko,7DmwEhCYveY,"Developers, Secure your API | Pynt",https://i.ytimg.com/vi/7DmwEhCYveY/mqdefault.jpg,2023-03-30,3835,134,10,https://www.youtube.com/embed/7DmwEhCYveY
Telusko,su6-mz1vEus,Live After a LONG TIME,https://i.ytimg.com/vi/su6-mz1vEus/mqdefault.jpg,2023-03-25,9051,312,27,https://www.youtube.com/embed/su6-mz1vEus
Telusko,7-uYUyR-9Qg,Reading Blockchain Data on Ethereum using Astra Block,https://i.ytimg.com/vi/7-uYUyR-9Qg/mqdefault.jpg,2023-03-22,3553,182,11,https://www.youtube.com/embed/7-uYUyR-9Qg
Telusko,rwKPXHUlmks,Private Blockchain | Hyperledger Fabric | Getting Started,https://i.ytimg.com/vi/rwKPXHUlmks/mqdefault.jpg,2023-03-21,3683,112,19,https://www.youtube.com/embed/rwKPXHUlmks
Telusko,NmbKi3ReCIY,Reading Blockchain Data on Ethereum using Astra Block,https://i.ytimg.com/vi/NmbKi3ReCIY/mqdefault.jpg,2023-03-20,5955,88,18,https://www.youtube.com/embed/NmbKi3ReCIY
Telusko,BLvsdNLI5ls,Stack vs Heap Memory in Java,https://i.ytimg.com/vi/BLvsdNLI5ls/mqdefault.jpg,2023-03-15,6753,638,5,https://www.youtube.com/embed/BLvsdNLI5ls
Telusko,B3XyYHQ8DqY,Constructor in Java,https://i.ytimg.com/vi/B3XyYHQ8DqY/mqdefault.jpg,2023-03-06,16705,1570,9,https://www.youtube.com/embed/B3XyYHQ8DqY
Telusko,1kaQwkGI_cg,Java Developer Road map,https://i.ytimg.com/vi/1kaQwkGI_cg/mqdefault.jpg,2023-03-06,23795,2356,23,https://www.youtube.com/embed/1kaQwkGI_cg
Telusko,vN8kVCdw6LI,ORM tools | Hibernate | Django,https://i.ytimg.com/vi/vN8kVCdw6LI/mqdefault.jpg,2023-02-28,16098,1298,7,https://www.youtube.com/embed/vN8kVCdw6LI
Telusko,wIp3veR_9Ag,What is ORM tool ?,https://i.ytimg.com/vi/wIp3veR_9Ag/mqdefault.jpg,2023-02-26,14607,400,32,https://www.youtube.com/embed/wIp3veR_9Ag
Telusko,9YJreDo3Rro,What is Hyperledger Fabric?,https://i.ytimg.com/vi/9YJreDo3Rro/mqdefault.jpg,2023-02-09,9,10,0,https://www.youtube.com/embed/9YJreDo3Rro
Telusko,gFs1oawp4AQ,What is Blockchain?,https://i.ytimg.com/vi/gFs1oawp4AQ/mqdefault.jpg,2023-02-09,16,7,0,https://www.youtube.com/embed/gFs1oawp4AQ
Telusko,ioZUnZmGN_Y,Key concepts in Blockchain,https://i.ytimg.com/vi/ioZUnZmGN_Y/mqdefault.jpg,2023-02-09,22,7,0,https://www.youtube.com/embed/ioZUnZmGN_Y
Telusko,Jfxh-EKMv6E,What are types of blockchain?,https://i.ytimg.com/vi/Jfxh-EKMv6E/mqdefault.jpg,2023-02-09,18,2,0,https://www.youtube.com/embed/Jfxh-EKMv6E
Telusko,X1_BZKmKeOg,Course Introduction,https://i.ytimg.com/vi/X1_BZKmKeOg/mqdefault.jpg,2023-02-09,9163,228,25,https://www.youtube.com/embed/X1_BZKmKeOg
Telusko,gO_lOF0MqJg,What is Ethereum?,https://i.ytimg.com/vi/gO_lOF0MqJg/mqdefault.jpg,2023-02-09,10,4,0,https://www.youtube.com/embed/gO_lOF0MqJg
Telusko,kTzW19homGM,What is Web3?,https://i.ytimg.com/vi/kTzW19homGM/mqdefault.jpg,2023-02-09,19,16,1,https://www.youtube.com/embed/kTzW19homGM
Telusko,-41EHhuybOQ,11. Threads in Java,https://i.ytimg.com/vi/-41EHhuybOQ/mqdefault.jpg,2023-02-08,6,3,0,https://www.youtube.com/embed/-41EHhuybOQ
Telusko,fTs_YKATgFk,10. Collection API in Java,https://i.ytimg.com/vi/fTs_YKATgFk/mqdefault.jpg,2023-02-08,5,3,0,https://www.youtube.com/embed/fTs_YKATgFk
Telusko,1NxzvMGCuWw,4 .Object Oriented Programming in Java,https://i.ytimg.com/vi/1NxzvMGCuWw/mqdefault.jpg,2023-02-08,17,24,0,https://www.youtube.com/embed/1NxzvMGCuWw
Telusko,69iYOoLP4GQ,8. Abstract Class and Interface,https://i.ytimg.com/vi/69iYOoLP4GQ/mqdefault.jpg,2023-02-08,6,3,1,https://www.youtube.com/embed/69iYOoLP4GQ
Telusko,hbX1ELIQ1rE,5. How Java Works,https://i.ytimg.com/vi/hbX1ELIQ1rE/mqdefault.jpg,2023-02-08,4,2,0,https://www.youtube.com/embed/hbX1ELIQ1rE
Telusko,3b-Wprhc_P8,1. Course Introduction,https://i.ytimg.com/vi/3b-Wprhc_P8/mqdefault.jpg,2023-02-08,9153,143,12,https://www.youtube.com/embed/3b-Wprhc_P8
Telusko,NMccZNVI2Sw,7. Packages and Access Modifiers in java,https://i.ytimg.com/vi/NMccZNVI2Sw/mqdefault.jpg,2023-02-08,9,2,0,https://www.youtube.com/embed/NMccZNVI2Sw
Telusko,gEQs1uzH4j4,9. Exception Handling,https://i.ytimg.com/vi/gEQs1uzH4j4/mqdefault.jpg,2023-02-08,6,1,0,https://www.youtube.com/embed/gEQs1uzH4j4
Telusko,uUgZdvqOspk,6. String and Array,https://i.ytimg.com/vi/uUgZdvqOspk/mqdefault.jpg,2023-02-08,11,2,0,https://www.youtube.com/embed/uUgZdvqOspk
Telusko,dI2GjHPrLJ4,2. Getting used to Java,https://i.ytimg.com/vi/dI2GjHPrLJ4/mqdefault.jpg,2023-02-08,19,8,0,https://www.youtube.com/embed/dI2GjHPrLJ4
Telusko,ypvdmJXaV1M,3. Java fundamentals,https://i.ytimg.com/vi/ypvdmJXaV1M/mqdefault.jpg,2023-02-08,27,8,0,https://www.youtube.com/embed/ypvdmJXaV1M
Telusko,Fyc86kVIePE,#60 Wrapper Class in Java,https://i.ytimg.com/vi/Fyc86kVIePE/mqdefault.jpg,2023-01-19,22446,420,22,https://www.youtube.com/embed/Fyc86kVIePE
Telusko,FH-FmcjEKnc,#99 Map Filter Reduce Sorted  in Java,https://i.ytimg.com/vi/FH-FmcjEKnc/mqdefault.jpg,2023-01-19,7121,98,14,https://www.youtube.com/embed/FH-FmcjEKnc
Telusko,ak3BxYzSqsQ,#98 Stream API in Java,https://i.ytimg.com/vi/ak3BxYzSqsQ/mqdefault.jpg,2023-01-19,8063,141,8,https://www.youtube.com/embed/ak3BxYzSqsQ
Telusko,Z4PIhp5ifcw,#97 forEach Method in Java,https://i.ytimg.com/vi/Z4PIhp5ifcw/mqdefault.jpg,2023-01-19,4992,70,3,https://www.youtube.com/embed/Z4PIhp5ifcw
Telusko,B-U-ItdMUVw,#96 Need of Stream API in Java,https://i.ytimg.com/vi/B-U-ItdMUVw/mqdefault.jpg,2023-01-19,5374,87,3,https://www.youtube.com/embed/B-U-ItdMUVw
Telusko,ZA2oNhtNk3w,#95 Comparator vs Comparable in Java,https://i.ytimg.com/vi/ZA2oNhtNk3w/mqdefault.jpg,2023-01-19,12902,318,21,https://www.youtube.com/embed/ZA2oNhtNk3w
Telusko,VcXYlkICcQU,#94 Map in Java,https://i.ytimg.com/vi/VcXYlkICcQU/mqdefault.jpg,2023-01-19,4334,81,2,https://www.youtube.com/embed/VcXYlkICcQU
Telusko,gMEVx7e5x6A,#93 Set in Java,https://i.ytimg.com/vi/gMEVx7e5x6A/mqdefault.jpg,2023-01-19,3355,45,0,https://www.youtube.com/embed/gMEVx7e5x6A
Telusko,BqQ0qR8kmw8,#92 ArrayList in Java,https://i.ytimg.com/vi/BqQ0qR8kmw8/mqdefault.jpg,2023-01-19,6567,121,3,https://www.youtube.com/embed/BqQ0qR8kmw8
Telusko,Kn1RbK02YpM,#91 Collection API in Java,https://i.ytimg.com/vi/Kn1RbK02YpM/mqdefault.jpg,2023-01-19,5060,82,1,https://www.youtube.com/embed/Kn1RbK02YpM
Telusko,IWll7sfz3g0,#90 Thread States in Java,https://i.ytimg.com/vi/IWll7sfz3g0/mqdefault.jpg,2023-01-19,2372,42,0,https://www.youtube.com/embed/IWll7sfz3g0
Telusko,7eV4nib3Cm8,#89 Race Condition in Java,https://i.ytimg.com/vi/7eV4nib3Cm8/mqdefault.jpg,2023-01-19,3330,65,3,https://www.youtube.com/embed/7eV4nib3Cm8
Telusko,Z4KSgLpY0d8,#88 Runnable vs Thread in Java,https://i.ytimg.com/vi/Z4KSgLpY0d8/mqdefault.jpg,2023-01-19,3650,62,4,https://www.youtube.com/embed/Z4KSgLpY0d8
Telusko,yyLy-an_CXY,#87 Thread Priority and Sleep in Java,https://i.ytimg.com/vi/yyLy-an_CXY/mqdefault.jpg,2023-01-19,3757,80,3,https://www.youtube.com/embed/yyLy-an_CXY
Telusko,UfMM924sBvg,#86 Multiple Threads in Java,https://i.ytimg.com/vi/UfMM924sBvg/mqdefault.jpg,2023-01-19,5880,109,7,https://www.youtube.com/embed/UfMM924sBvg
Telusko,KuvkahVyY9E,#85 Threads in Java,https://i.ytimg.com/vi/KuvkahVyY9E/mqdefault.jpg,2023-01-19,5512,129,4,https://www.youtube.com/embed/KuvkahVyY9E
Telusko,hVQR0ZHFk-o,#84 try with resources in Java,https://i.ytimg.com/vi/hVQR0ZHFk-o/mqdefault.jpg,2023-01-19,2786,60,8,https://www.youtube.com/embed/hVQR0ZHFk-o
Telusko,bwHr9G5VIls,#83 User Input using BufferedReader and Scanner in Java,https://i.ytimg.com/vi/bwHr9G5VIls/mqdefault.jpg,2023-01-19,6097,127,10,https://www.youtube.com/embed/bwHr9G5VIls
Telusko,y7C2dRC9C44,#82 Ducking Exception using throws in Java,https://i.ytimg.com/vi/y7C2dRC9C44/mqdefault.jpg,2023-01-19,3324,69,1,https://www.youtube.com/embed/y7C2dRC9C44
Telusko,V_jVp6WdW0Y,#81 Custom Exception in Java,https://i.ytimg.com/vi/V_jVp6WdW0Y/mqdefault.jpg,2023-01-19,4899,64,2,https://www.youtube.com/embed/V_jVp6WdW0Y
Telusko,kAOYeVYtukY,#80 Exception throw keyword in Java,https://i.ytimg.com/vi/kAOYeVYtukY/mqdefault.jpg,2023-01-19,5528,69,3,https://www.youtube.com/embed/kAOYeVYtukY
Telusko,IBttEEFkH_Y,#79  Exception Hierarchy in Java,https://i.ytimg.com/vi/IBttEEFkH_Y/mqdefault.jpg,2023-01-19,2856,58,0,https://www.youtube.com/embed/IBttEEFkH_Y
